,SARIMAX_CA_1_FOODS_1,SARIMAX_CA_1_FOODS_2,SARIMAX_CA_1_FOODS_3,SARIMAX_CA_1_HOBBIES_1,SARIMAX_CA_1_HOBBIES_2,SARIMAX_CA_1_HOUSEHOLD_1,SARIMAX_CA_1_HOUSEHOLD_2,SARIMAX_CA_2_FOODS_1,SARIMAX_CA_2_FOODS_2,SARIMAX_CA_2_FOODS_3,SARIMAX_CA_2_HOBBIES_1,SARIMAX_CA_2_HOBBIES_2,SARIMAX_CA_2_HOUSEHOLD_1,SARIMAX_CA_2_HOUSEHOLD_2,SARIMAX_CA_3_FOODS_1,SARIMAX_CA_3_FOODS_2,SARIMAX_CA_3_FOODS_3,SARIMAX_CA_3_HOBBIES_1,SARIMAX_CA_3_HOBBIES_2,SARIMAX_CA_3_HOUSEHOLD_1,SARIMAX_CA_3_HOUSEHOLD_2,SARIMAX_CA_4_FOODS_1,SARIMAX_CA_4_FOODS_2,SARIMAX_CA_4_FOODS_3,SARIMAX_CA_4_HOBBIES_1,SARIMAX_CA_4_HOBBIES_2,SARIMAX_CA_4_HOUSEHOLD_1,SARIMAX_CA_4_HOUSEHOLD_2,SARIMAX_TX_1_FOODS_1,SARIMAX_TX_1_FOODS_2,SARIMAX_TX_1_FOODS_3,SARIMAX_TX_1_HOBBIES_1,SARIMAX_TX_1_HOBBIES_2,SARIMAX_TX_1_HOUSEHOLD_1,SARIMAX_TX_1_HOUSEHOLD_2,SARIMAX_TX_2_FOODS_1,SARIMAX_TX_2_FOODS_2,SARIMAX_TX_2_FOODS_3,SARIMAX_TX_2_HOBBIES_1,SARIMAX_TX_2_HOBBIES_2,SARIMAX_TX_2_HOUSEHOLD_1,SARIMAX_TX_2_HOUSEHOLD_2,SARIMAX_TX_3_FOODS_1,SARIMAX_TX_3_FOODS_2,SARIMAX_TX_3_FOODS_3,SARIMAX_TX_3_HOBBIES_1,SARIMAX_TX_3_HOBBIES_2,SARIMAX_TX_3_HOUSEHOLD_1,SARIMAX_TX_3_HOUSEHOLD_2,SARIMAX_WI_1_FOODS_1,SARIMAX_WI_1_FOODS_2,SARIMAX_WI_1_FOODS_3,SARIMAX_WI_1_HOBBIES_1,SARIMAX_WI_1_HOBBIES_2,SARIMAX_WI_1_HOUSEHOLD_1,SARIMAX_WI_1_HOUSEHOLD_2,SARIMAX_WI_2_FOODS_1,SARIMAX_WI_2_FOODS_2,SARIMAX_WI_2_FOODS_3,SARIMAX_WI_2_HOBBIES_1,SARIMAX_WI_2_HOBBIES_2,SARIMAX_WI_2_HOUSEHOLD_1,SARIMAX_WI_2_HOUSEHOLD_2,SARIMAX_WI_3_FOODS_1,SARIMAX_WI_3_FOODS_2,SARIMAX_WI_3_FOODS_3,SARIMAX_WI_3_HOBBIES_1,SARIMAX_WI_3_HOBBIES_2,SARIMAX_WI_3_HOUSEHOLD_1,SARIMAX_WI_3_HOUSEHOLD_2,Total
2016-04-25,263.06452838436616,570.7244039780007,2314.0148678877304,504.86437192907744,41.08821113470465,759.814205608483,202.14035184369328,399.91538080531393,506.31374516232347,1864.9767354015166,325.0399608250774,45.214129008814446,701.765373073145,306.4942726182289,320.98449217191757,696.4164295199159,2609.274966016025,543.2871985122174,59.313393214905446,1456.6346901153522,355.46660606645713,229.6084016024064,389.81549788523705,1212.6773932535823,349.7726432193715,14.658113211721586,411.9744452039355,148.39370520449518,174.949546524776,336.7538390234821,1472.9788362360555,264.80401959808466,30.536719205400573,788.9806522506373,178.47238943723403,181.73225702586566,426.2890522417468,1948.4195988904585,324.5870199370887,45.717111617793336,717.9881481084622,201.21223413996427,297.18535320063194,448.005936851639,1540.3541956330318,347.90843075679635,58.02972941059118,808.8786101975483,184.56148833389727,288.31216046772096,779.2565057509578,1613.5491756633091,314.7198938405512,24.25424878692489,592.1580338299797,150.54751215448127,306.78331161166165,882.4966056921714,1947.550191868624,253.86185472468526,32.260014306567406,892.671513481789,140.98358847850335,221.0900500998522,501.7764477883354,2048.0359379276065,203.7479424628316,30.429804700630655,601.763218587904,157.67462379978167,40365.97631750406
2016-04-26,244.87318886014623,489.68557039214613,1899.2681927472836,448.8713122296524,38.54605351949745,639.3406535580858,171.58768413593302,390.6894380527466,440.50743987203913,1710.470142811772,328.96962191410654,42.249407143237484,620.8844172592817,263.1585694188797,340.04494044549654,605.8865816157675,2551.063619263908,538.7285434225431,58.97650215549428,1284.285895878872,282.16785043152737,239.44204577964135,342.4453708466174,1104.6628936987877,364.61878826501976,14.24888174358033,387.5696369029169,136.70713173599663,172.66473223012355,303.6976878483555,1358.815870389652,223.3283253118189,30.08108675416714,616.794183813082,170.03556044524882,184.12974261714825,359.11824326919566,1655.3253580664225,285.82715027658315,45.79460031178212,649.7461639893422,190.84722285068153,266.2121684075644,399.63333001507715,1484.6850191412063,315.4389384576625,59.78396107275083,730.5129104126889,179.66485694288477,301.45264600841426,657.5949998028251,1494.7731494967163,307.8937071856345,24.710867463611596,615.0728763698663,146.10507505288783,313.21982899826423,844.463087633603,1842.6758837261275,248.2941325628155,28.19204191581681,845.9354723764495,139.33089412477517,264.0700470825465,422.6312099450407,2066.4973938465155,203.75192212938782,31.680799335326487,556.4838206432214,129.82618087212094,37146.74352329638
2016-04-27,253.34961314494893,451.1721981847299,1838.6762337470016,413.5868541910806,41.32524004773046,604.210502193755,175.56105518668255,379.1154943102465,433.12616883099025,1599.401423913196,314.6136259709115,41.35152576601038,623.1411286481124,207.34986103033415,344.59898702228696,582.5480768157829,2403.4535073852553,521.8512940026615,59.32755806927642,1189.5070464646503,293.13674250446934,230.1503188277806,324.3540895647818,1071.3951703491757,340.8620473931443,16.55920882164254,358.07514262986484,124.35335940987498,182.4775951241054,298.4311242570482,1362.3347738522477,225.78499560321507,32.67271520383195,616.6132693273191,168.86618828630372,210.28545443116423,333.7283973707626,1653.0901511033296,298.5536678290472,46.42469966473973,644.0535661341496,160.14418725657907,232.33541481216562,412.8374431652106,1406.8416563668152,336.13560836810444,59.38088541868569,779.4216797631991,165.19416547432385,347.5378909186992,644.4616213920694,1481.9122568562323,333.83477863398036,22.283512333566932,501.89929530354743,146.19777808963804,330.822714970303,920.0208031362965,1959.2693629901687,262.0411724218839,33.55635012310987,876.9766375109155,124.7771510475078,230.36928404020517,486.7585118553461,1885.2005727434896,203.47814799099535,31.568509525398973,528.1258183995183,130.19386530973762,36343.047148831334
2016-04-28,280.4496518199301,422.4334919950145,1871.8962915512113,425.4756754621169,38.825047801689564,608.836864570573,182.91259426746825,405.3754905434933,402.1891693283387,1685.1538624516681,309.6778611566523,41.85412558126151,617.1890093558708,265.30633017876056,373.22444725807674,539.6095431728176,2439.0202849634343,558.7746840086328,58.52373455378574,1231.9830150686657,322.9942893336257,203.30553556636744,319.80958660559514,1102.368547163955,354.297136775215,15.08567369957637,357.7307440397221,130.79628306370677,190.90628113172144,295.0922924076028,1378.8673398769643,245.97524339424712,31.27054640811607,654.9633433074637,173.50000280124345,226.3627427151158,326.35450903785824,1789.948317179978,298.0272658932718,45.78996997407451,684.8156846988115,206.5492730778667,266.7140317171676,400.46552101702554,1449.4794456164955,336.7231646402638,57.99199619251179,782.8475705183505,149.80641767234584,308.9640528230666,629.7322630174771,1592.1363805609742,323.10757351432886,28.44380126687586,561.8323238654381,147.33540325181076,316.30492025046374,864.9657797379137,2032.3632594232195,252.41665805401084,30.571986446288157,936.4646955030131,133.62076218088114,232.10172710195306,475.1713432019594,1899.6863513300877,227.6792922084611,33.191259115164456,566.5746407813982,133.963808978591,37284.1782132291
2016-04-29,323.585544615142,517.170573408835,2234.160969765383,483.9213341091193,44.19666857902805,707.9652453643314,205.66658330857743,502.46642046793556,455.9295255085053,2041.5798126636528,391.0664181307362,44.34797508000191,762.1630172146652,336.96394832333334,385.7445188131842,572.2764622409554,2656.9696366819035,505.19694899954663,57.73778376326865,1286.871334526197,352.9855289141553,241.6868557943369,319.16460484463715,1156.2962677938012,338.0315379413137,14.656854596683392,398.27433968173494,144.47428386489233,219.6519067115173,312.6048400570605,1440.7721161953643,255.33528338213222,28.639688737083468,760.2133049992635,183.87878597799823,255.04421263945233,342.1810111413015,1951.045649574857,322.9559368392653,44.95552461211594,742.3563715739191,210.93456175686995,225.58467701559448,420.3028398062812,1673.6358847771176,353.0805790327668,59.96486428397183,813.7538692516114,171.62768366396594,311.74346103045593,652.7949709562328,1706.3650730190295,422.0052996983859,31.393088359854822,769.4277221165005,180.85559518441863,357.43119279618764,962.5769492754996,2072.00680450621,251.9786336418919,35.4499090522526,1071.2331926485203,158.12678475840468,257.91019849862664,494.44062087840086,2118.910846057291,284.9887409647683,32.07809107043623,744.4120313876961,176.62962895720415,41362.82942188363
2016-04-30,372.4109231964633,654.2670755023837,2823.6352328658327,606.8221954199305,51.86283623625749,1005.7444130407479,294.4500346420445,589.5035905254015,646.3796675531216,2451.216483073467,483.496620184898,42.71151383589817,1096.7965184749428,396.6049577097998,518.7987825375146,719.5395688320563,3375.097235638296,564.4882857274225,59.23559487899784,1723.9889566753075,377.6103275970897,237.72778633363245,386.2018285060467,1313.8074093135424,404.73136681639306,16.311996326949334,450.4371572557851,141.33265559452587,232.47924591541425,390.8523110402823,1746.8532042066972,259.83831694312886,35.47317538747136,857.0155624854051,225.85677300415975,272.62517398681143,429.1185609713705,2252.340160194365,357.99037110213493,46.836236548065344,936.530080999074,261.16616569984285,224.76933149489548,478.57807850051546,1932.9593449873082,375.7993768190772,59.22949124779196,820.8726120884164,189.05155462412142,315.21134694208104,748.5915576922314,2202.6196692718995,585.1598688560168,38.659232066575605,811.5064507596768,225.2637168818457,397.03399903941244,1260.3584727491514,2527.304386709001,253.77981807504514,33.7213157612841,1137.5352399887595,173.14887909099272,316.47851395733653,519.6632570583114,2123.775935516033,331.4650144145527,33.5326597041422,829.3320101210277,209.44608712210453,49265.03357431861
2016-05-01,339.0563768979806,685.8778929395007,2857.597414802394,580.6854320349462,51.51591729483176,1035.9718152341723,289.3107948796643,532.1570684044051,684.5268768383642,2513.8621586232484,440.64060048311273,41.840091658190126,1111.3639336536644,336.80826235486677,447.9303671713883,843.7159795984271,3667.8504356920766,549.7110405905007,57.05563051814364,1851.0602922521962,401.5067068800862,225.06494200224188,433.2402183885891,1351.8064109298418,375.9874166332329,18.429287320752906,470.50745914002067,133.9325568643484,226.7114374709168,441.9345974765613,1900.4376025194351,263.958455854503,40.173309017677425,881.8178593344737,227.23963332724887,252.2070831324845,490.5701702793091,2334.986882232319,364.73900108961766,46.793596449097194,925.41685140498,259.14551691688155,307.89393388019204,551.1866359556659,1953.2734661370237,355.6854404108334,58.533099138951385,801.812507590784,175.61995288257975,338.2162723041211,767.7761029414997,1934.11837996104,419.16485464454854,34.74305049540533,776.0924758395633,201.71271385196263,354.73181149791026,1278.7913800852834,2501.5289617987723,263.8529990307422,29.706736513098914,951.1940280986033,156.65439791338846,268.90704612925805,535.85235391423,2159.580905292221,228.6452612397215,31.556743925808057,795.1342590046795,214.81066864943313,49431.921815714006
2016-05-02,266.57742401757463,543.6955033312704,2352.355835395407,484.71903313585426,38.85583599582272,760.8949563793334,192.3274497961908,395.29641378325755,479.61188762947097,1904.3826494606187,320.5050732827374,43.14131160393324,691.348323302141,308.1404839175753,346.09223819913814,737.2111716164876,2907.1700378292644,542.3026669016074,57.15239364022842,1443.4498057448654,354.84197712393683,221.7447051191677,395.5570596689917,1219.1647145324441,358.6675165107875,14.841510076011684,422.1559905243246,130.7912078048768,179.02498695379884,358.9830041086983,1483.1916633967048,258.0899406996766,31.182795484889816,782.4195740093535,178.5219591591923,203.04352145087245,425.6830593934151,2008.4562846373851,315.4835861226387,45.88399884166942,731.6906362582381,174.70339352901254,270.9240503275119,526.9654086143768,1617.261143120984,349.4843135804114,57.91690912890978,769.1082203286643,176.60227750115817,288.6043484639363,690.5429843165201,1577.1724645410159,304.6725697761399,24.333739078744713,744.362606315763,144.36666865678757,315.2854590986177,1196.0288773141904,2143.090981477176,252.6935492585728,31.448233061677172,840.2992520371243,134.59604184529186,203.38218118974777,538.9119304393296,2090.2717361189657,200.99888321417296,28.76786843680822,603.4015624902271,156.85055239980116,41387.69839250149
2016-05-03,260.86527752886013,467.2366453214098,1843.5490447085458,444.21405983201635,38.09862945598832,634.5998119426079,169.23453751689553,388.6458782596919,430.66054121847696,1717.417500083042,316.387256857953,40.22225541396228,624.6385729444253,233.61552627277194,348.6227887664144,674.8597763312818,2799.367874833269,554.5717240538221,57.10774849245565,1285.6529070470865,284.1364278297925,236.5805081693457,349.86412059429176,1093.5166417394807,353.2870832204189,16.14227684081104,386.7036579697397,125.41121448361132,182.174114154448,324.0532258227085,1382.9797032297527,229.70530919947538,29.78181073325845,645.1828785310001,170.70678971830148,203.60736645900442,355.2997622221573,1692.5844694246757,279.0561125771425,46.563159305103184,663.0602435931983,194.29758228552777,229.18849551067876,491.641335451223,1472.1362807847984,329.5556253649481,57.36663385211804,744.8511654538092,170.6721307588906,289.81191452551076,733.6656973889543,1275.0917934250685,314.9585890597217,25.598344865219058,600.3644399265979,141.63197496756183,328.39109473711926,1326.4102877505306,2252.2567492304215,269.51748502669915,29.489353779626814,823.7754031897576,137.01939350436993,251.4861172415472,581.4860180625265,2071.103170679711,205.3450383745477,31.79625675672629,566.8431454389588,126.01350641543362,38451.73025650729
2016-05-04,260.1121715749058,436.19907601074516,1786.8782747866692,418.4373184896526,39.93764262572825,605.9044183089782,176.3786410974973,377.83524360742285,433.8436556833227,1913.2816762336083,326.0459280280682,42.23889181616108,624.2760692272066,215.7167701106476,344.6576100994652,662.1099793275706,2623.675974527208,549.6723572486374,57.12618519210762,1180.2541509260018,281.3581928449578,230.83455114678907,329.0350351463711,1074.3065593027277,349.3358421067323,18.131169373441214,351.70374621961827,133.8808792206031,188.90497458346505,314.3921535413218,1372.5958677848394,236.67291508502052,34.19575979266525,590.417657118722,169.5087270917528,223.35136031523075,336.7606759071566,1707.1410255416406,290.18005685513765,45.29597727830908,668.8871708942248,169.0495647862498,260.7836307992836,474.8739464562758,1465.123213556411,341.91666184086586,60.555676209065616,783.8627131686925,172.21614006549223,319.09711949937014,682.5250434274498,1583.2563929178252,319.8512827654192,23.997573937300547,576.6832097962424,145.58119543816352,325.8783406077046,1390.3552053653714,2451.2239508201146,253.18054057939432,32.46177094127068,860.5789879008134,127.36355084233469,227.29318198675008,604.5934133673147,2013.35125098613,202.97562485408372,31.9547044584766,545.4105252736362,131.98102749722634,38599.44777221706
2016-05-05,274.9248390018493,411.01256911762937,1782.6389301703734,422.23794026899486,39.477760958682076,602.8006763981041,184.17657531186586,404.6893495069658,402.07890906388377,1811.698436829379,320.42249554921153,43.47682268139091,620.0819540329436,229.64026712122674,378.88667242843803,633.4234596245612,2615.459402641874,455.3010760650905,55.48739422298123,1219.4140158543823,328.01348065569584,218.90443292495107,322.11252311240037,1099.2989002037687,344.9109170674446,17.889489699676986,351.806194676431,138.34153724520067,192.2606890721202,307.9926367593821,1387.6788076710193,246.42716329268296,33.39106215427752,604.4601112139841,174.15529124996812,234.55689684322175,339.01512127785156,1696.4793428882897,290.70917543507437,46.93472100414605,700.369252500676,197.5578543143851,217.83207953077513,511.05574336248776,1459.6643065763774,353.06898424521773,58.2464102703524,766.5670942886761,170.54954747366745,344.58125265999735,684.1609779492069,1536.246494354569,329.45098200412383,25.994628037338344,643.0872923530094,145.1490302565362,324.8177140314896,1344.6804099634955,2540.6007152729817,252.4536323063758,30.669901495617943,929.1477640567141,141.69492826723842,240.45582594085482,643.2636630191071,2013.3443599113423,227.96659468286578,33.99634193654998,580.569495540649,132.5784638032186,38862.48978170331
2016-05-06,332.2391060366351,507.3254758123567,2253.433138170692,485.31376132984434,42.6097395862176,705.2809184517274,206.48066491400425,502.24275168263284,457.386418041486,1933.1424139534436,381.02414711373024,39.718312924546936,764.7713634616472,302.1034482537911,403.02982411183524,646.4512991046535,2822.460836223313,547.6028976436997,55.74177667611756,1291.4106650014373,344.1265446582778,228.9185263717236,321.6180284060015,1166.5397331997424,346.48166712685446,18.20437475427824,393.5297097987717,134.96675136518755,219.61980567456575,322.0248005811481,1448.8833164715813,261.48651068864643,30.062569555189434,760.4796869111992,184.3174881741455,259.50148531429477,347.4038818242375,1945.0977569938818,315.9786629411992,47.06497497056834,760.0620155869635,212.83139450629096,216.23820249012826,489.03251885682346,1633.47117992094,348.46275938046386,59.75768448024607,817.5521002714781,181.9812964678464,296.67018465921126,674.1308678167768,1687.0246724082979,426.9480044117604,31.249322365912178,724.1276694258872,181.69573201037446,370.79923094132744,1432.8048159162713,2735.7049151879896,259.3603016626665,35.9623015120042,1067.6607594439056,157.58784158028575,263.56965436434615,615.1550787929755,2180.8350797182175,285.12198757245216,33.398728844810904,694.6547364857048,170.54770700654984,42820.4739783642
2016-05-07,398.26187646366384,641.4039988557104,2767.7547057007873,597.9139335437005,50.394061239496224,999.2948717198213,296.3268650460631,589.6399798775885,650.860881153022,2683.6094967461545,479.43963307515736,42.57850249709831,1098.3752760034017,331.6885736501919,527.6169706790039,794.5743699012372,3551.2495462552934,541.334384795612,55.70640737761673,1732.3922284003577,371.2356997805023,240.33604780909212,392.2041926600829,1309.5774439533466,394.1418457388646,17.829131843958322,443.8294124495445,132.3073187892965,233.7983088309291,396.92470571805916,1751.984332130648,259.7223815939768,36.981068638210566,865.443653318345,226.49156884874404,283.9153291526263,414.47432165064833,2266.997984269392,351.31419603964986,44.94158707756454,951.1837475421978,273.44782404809996,314.357079216261,576.856802752676,1867.1663184284882,361.8679126781572,59.73914912586612,803.113209530701,170.12964453479572,305.91777435067087,707.9650967125008,2159.6049340600866,580.8837932652945,38.54028324434786,808.9955191155595,220.61605519812113,415.1844542930135,1700.2612518659266,3089.16508916129,257.7965911268208,33.474447503474025,1133.6085096358458,180.23651877492003,323.6731971896074,615.7750104574523,2227.427696049242,333.84997806113086,32.00736945878373,817.2813007789641,206.6673073647704,50831.660958799526
2016-05-08,337.13265666953663,694.1185324152397,2800.244711461847,565.4151006384261,51.24155660827651,1034.3192955005597,290.831083964804,532.5738375542542,690.1677724513467,2569.934842996516,443.41566268944854,42.07260817679956,1113.4535287003484,350.98864758379125,459.7195168839659,901.39113584863,3869.350138187579,541.8949172812222,55.75847170925931,1848.0028973030762,355.827887218456,212.88247032432588,439.63562073508234,1364.9213476348239,383.9078876328133,20.867340634476527,457.16620078891106,130.5800304146836,228.11232251752278,448.3872196833831,1907.9344157419798,258.01088167571555,42.5758597501142,846.7728404056079,227.85843782617198,259.4233176000322,486.1203697127304,2333.169544712484,358.3934230474215,46.34264292085677,940.8539257741215,255.32997720652048,272.1766050254175,640.1899817886766,2029.5855291180137,375.03865240205505,60.10312078844462,796.6931349126438,174.61755634051138,291.0351100151131,662.434113263639,1936.2475207976643,426.8898779124419,34.850794063025624,751.574060290233,195.99582167408454,353.1392202739672,1562.5023163896726,2962.9438776067923,249.17778146631755,30.39165315357204,953.8797498055947,165.83157839551478,264.61126819832657,648.283374732707,2207.4313951770137,228.209617133773,33.4031714824511,770.9172683825288,210.40730414197674,50485.66233331534
2016-05-09,264.3687972458897,547.8355065846615,2339.1381171934913,485.33499626495984,38.23338916080772,760.8348364450852,192.46639580105378,395.93157285841454,481.81761962909854,1957.4047753615541,318.40633472609835,42.17584375705449,693.3386996249145,339.9663424560402,354.6160046986647,783.5055313874909,3108.635587768982,551.8838212900246,55.89642648765415,1445.2123987130822,334.28372612153106,209.53129117284584,395.5487172886979,1225.5085339204884,348.50459811031783,17.32539024093305,441.02184306547645,125.72906690424634,180.70447737482928,366.6267220357787,1496.755401006914,261.5177358494036,32.22275451180296,770.277321831177,179.321380103274,203.1840191819108,423.1469794218019,2004.2403728391153,309.54835014562815,46.42054209280767,745.8700292674934,199.33882247832938,212.32754050085586,608.5286800589589,1580.4840555703436,345.13551550965786,58.54144315743129,789.8253356228641,175.3748158623847,279.5556306873003,727.4826039111897,1477.0488597465023,304.30909596849193,23.466229236614435,703.9020120451881,143.94266423109488,318.39913391538585,1570.316867577549,2734.8006414062183,272.0341456505284,31.05962536377462,837.3320182632349,136.47029701166952,204.27813419747523,667.800064124749,2209.8626234178623,200.57675641377585,30.47384482169125,599.7911389297558,158.63167086582644,42875.38251648822
2016-05-10,253.08665741414785,467.7421133298857,1824.7434666325044,440.7207528126739,37.42743191037367,634.0234859236182,168.12527403287598,389.4511990430175,430.33264148273133,1965.596523676668,317.8856493542863,40.929857944362304,626.6309947357672,242.92274445612583,356.05723936082893,707.0843272571581,2896.0921745907353,547.9508746348699,55.696928941860804,1291.3697350428001,285.46018811228186,228.5577918822069,347.316481578998,1114.089196393032,362.7887818557607,16.92817740935341,384.3251912923447,133.78172018356761,182.42317161494893,329.6949885513836,1393.5065105831168,245.6906281137813,31.804411969654943,630.1780851691001,171.35264943860363,201.62489271753842,359.0568810958763,1779.1396796831662,273.49018609382597,44.29817745500432,671.1681697206501,194.9608325181831,260.8607491848744,544.9851761942764,1623.433717340591,340.32340072820944,59.39504889061745,755.2150574315245,182.62679717436868,284.1482534783744,689.775018651883,1516.0900224776042,310.4369498538884,25.703001766184432,623.6683323588774,140.22695059405893,330.70133277563906,1585.5399193090059,2691.8442498305453,256.2584964811071,29.227401442311056,821.0513996833969,134.392819936051,249.6076097888839,638.6327745202817,2235.799414213552,205.68032493916576,29.87784203944711,552.6072189596821,127.36152109501509,40320.97766714908
2016-05-11,253.35915384096714,440.59521969970893,1755.629846110473,427.4836983937427,39.83536001363091,602.4563557132349,175.10746867992387,378.77320447094644,435.323900658471,1957.9551237073556,319.8891469773398,43.10101581919636,626.366029432687,192.13040223208696,350.23136243441303,669.4731223839646,2697.560098078868,460.40552843363827,56.51537766375687,1188.7605301292635,281.92060842726784,225.87986670112315,330.4667642401345,1080.3083385268358,339.38537159196244,19.147046307551935,366.4867298275418,138.5292328619213,191.12433461207365,319.0871344007562,1375.4479937803144,229.51597668791254,34.99760381265607,593.1676608427241,170.19767966963562,222.08248795013543,339.590126942137,1678.4805858732884,284.8819620821799,47.46602181724448,684.5267194100181,168.6523805974971,205.2380561388327,523.8939144019736,1476.6948290132955,329.4685373925648,58.95346702012768,750.626307727417,174.98390105003867,314.0673860654604,701.7306944433758,1448.0932849006003,328.64238976630645,25.713744274756642,540.2984975603439,141.9947245369736,320.5969450893012,1367.5262254953961,2639.456829342443,256.66014634089663,32.894944617049745,858.3884767333801,128.76811480765642,220.9480484339786,653.1779114597905,2032.0936526377445,202.80353632115254,31.269961373838388,514.2985361029995,134.37931852840484,38605.95695341269
2016-05-12,276.6453676542028,411.1512485365269,1785.5614528166625,429.3004050884387,37.62589145705855,602.5512749514317,183.56820773947436,405.730758565748,402.38040403592953,1746.0068534714821,318.71909609124947,38.62602322022474,622.1166633976542,267.731965431971,380.2577074180755,616.642607328086,2590.8685242817396,517.2464690576033,55.32132972998653,1223.182735048048,322.70146213634473,215.77320008920566,323.186624879171,1112.435303432091,354.29443921594935,18.153220499434713,351.831380717604,135.15083458267873,192.50349497633175,310.8585399086187,1389.5633049548865,257.24991524192154,32.73432479364442,618.3233543808185,174.79947000109405,235.8871870579229,339.71635446315446,1740.581982804478,285.68137186277477,45.544061070108754,705.2679624502782,204.51657083329425,207.82315273453437,528.1723563379403,1494.8060683204017,349.71924043917727,59.90252436820381,779.1037168658451,171.37350636810473,296.27822603005507,679.2369394081919,1538.854059850136,324.18472433347466,26.327732670992674,594.3746521758123,142.74309877806112,305.73581011762076,1441.2973957809365,2644.9885651852505,260.95342283535246,30.94380817023434,923.9367699337197,138.87443206020365,228.04745502103938,659.1306656605793,2065.277763405119,228.60979669094334,32.70130420561732,551.4977203770641,134.22984472080947,39117.11409851882
2016-05-13,325.59701963101037,511.0526473526016,2209.991877816519,482.8404251540629,42.164717515928075,704.3556879601355,205.73495238818634,503.36489760477224,458.0104928805269,2097.440251201595,385.4844505205222,40.88938313205667,766.8160947326814,319.62784446978526,412.24059278096234,602.5123519235209,2731.197156582618,535.3628919709573,55.904414814204365,1303.830454915551,347.33044562414943,229.75035830082675,321.28647975773305,1169.2466518504084,336.62520820542045,17.77441668002228,390.85509416917444,132.35899452682187,218.62500340467815,323.85852474728017,1452.4474385275464,251.5547014507901,30.234936976243983,732.0426414255024,185.13830020116305,263.3370536530876,346.767492181377,1955.7903664396981,311.16196728741676,44.74565036119097,774.088640109456,214.8058867723845,316.9256082024127,494.8667813480049,1590.426058778086,355.23650613605093,59.90979974850139,772.6931165019521,173.5143858075432,308.7219960291955,705.4394041064131,1750.016980762772,426.88643768671346,29.88968843179832,717.117678151343,177.45750904406805,365.4757328582358,1433.5573024586643,2832.5920678127586,259.51445989070714,35.89092279581517,1065.3149183330056,153.86390333371557,255.96143316049475,650.8902436646551,2139.1379663260313,285.64654689344616,32.96078141239761,707.9832119345127,170.95081362553125,43013.08711323539
2016-05-14,376.8571665895032,644.5363705740962,2716.272797454087,599.5948669096922,49.17334919239163,1000.4517854446199,294.9060691039087,590.8251932115301,650.4600091609329,2630.797614927076,474.13574868623516,42.60097729419417,1100.4243129420936,343.11911003641495,539.3974706191656,757.3326211839889,3435.3436640628356,534.1227209369204,55.730184629533625,1739.1286072638973,347.6238958759885,234.46904768953422,390.41449126690316,1321.8909438923638,403.3914700513434,19.176728638690935,439.37631086800695,130.58359116364622,234.5114645672703,396.8218194329047,1757.4202308648942,258.7934167436089,37.184982633321845,838.0539382988169,227.13645356815965,282.1546647951937,413.7451429288855,2173.510544258939,346.6762800708492,46.222992068742265,961.9152898509261,263.17651580069315,273.63948553609725,569.6408287199904,1923.2077467373176,352.18031928965235,59.51233353087251,801.9677862030744,173.17057886401702,303.1948466604322,655.5466391390705,2036.781567675077,585.0647986900095,39.53075957627138,665.8448294240645,216.13106076002362,416.5252640247819,1504.5385045844516,2973.7636310502094,251.17562796620948,33.86706534848202,1129.7284678695926,170.8374399494349,315.6295006356845,629.2012420111693,2119.2999078360526,335.39169912605223,33.212886487201594,801.5315802170644,208.8678391232553,49678.44509258842
2016-05-15,333.4490217652386,691.5332196713039,2783.3372320928734,559.7779620067743,52.03120904709146,1033.3691683036839,289.81856723008207,533.8083714391971,696.1835372407938,2592.0008144858316,434.7686292582082,41.78017520778196,1115.4933132498145,387.57907668266574,474.35332097179446,845.8064876335044,3746.5479345514523,542.3970646125478,55.7565404722849,1852.5570499967598,355.7164890340316,226.57801934649248,438.11930807278065,1363.9754400387812,374.2206689830159,21.301963147664036,457.75125850144735,125.7217194890946,230.46264620494486,449.3896032122131,1910.4484911685674,259.8370792575839,41.53332238372521,899.2439408504724,228.5041964453201,258.49140417460427,486.5548588661135,2241.205808454537,353.97063694668356,45.73737998952036,950.1710648350515,262.4767980652402,203.62958774982687,593.15504769831,1940.2756567498743,363.1326497052915,59.676169725613896,793.6053026031962,174.73956255533184,309.6905935665011,713.1605570035939,1966.8347835117618,420.01535100145384,34.97296896907307,737.8609479040617,195.2506843210991,357.365330450608,1437.3731743993173,2865.940186755397,270.7608170403675,30.11772998383233,949.1266734290485,157.97373162412384,264.97290349303387,593.0718290365522,2151.61041126922,227.83960491519264,32.93887048004895,768.1386808830352,207.53930575674502,49864.529905969095
2016-05-16,268.8800270179837,547.2133478213045,2298.6917072684505,480.7587305686733,38.057494900555355,759.3956867896239,192.61284312593665,397.20473221526765,484.07610939519327,1997.9497855608774,322.6964564646875,42.03613631575841,695.3842571751195,325.41921990971355,368.0669074472713,706.580736473485,2909.471736327478,546.4209764747866,55.88361768444808,1449.679580276836,321.69490534461784,215.46406874343512,397.3602263089466,1231.2967156240356,357.90060700233687,16.95668099617556,428.676935754454,133.78306696015693,183.23806886460866,367.21976450559106,1498.6164011577562,256.8210869950389,32.76746678845865,729.6754964924369,179.97095210279252,207.01510206682033,423.44593958269576,1969.30318118404,305.4268105746956,45.1784692664955,758.6932984167289,176.84018625058837,260.1191043343384,550.9738719543825,1578.065686635337,370.5591415177402,59.919926032948275,789.8569809580315,176.42104400850863,300.0737153055051,682.7844612456935,1422.0636572044266,305.3884962265738,23.91114040548741,663.5721783794987,141.91492757100062,311.1569505598899,1331.4592902396162,2574.494517072896,258.4185136950988,31.164542781066054,835.177844027032,137.22043121660607,206.5913711108328,578.0605386237622,2144.553997018986,200.15816017964192,34.19884992257987,604.6548168481306,159.12516698700543,41855.88484225897
2016-05-17,256.7934322641565,469.11827962961394,1861.133454688601,441.55008049996525,37.3938449372922,632.4171749150969,168.06513847081598,390.7546630836076,432.7528459806718,1902.9110159012057,318.8793514262372,43.195492852829354,628.6756981422225,230.3570591902865,374.69962053707917,620.6272467021096,2672.3167277658135,496.09483100455464,56.01884389389957,1289.1107118903017,279.77177631359075,223.71249250726146,350.4135322607756,1109.3711144658666,352.57471626583157,18.03073633373088,383.6348255880576,138.52489327840223,181.0356189841145,330.197670797659,1395.6976898971793,256.207652745543,31.823173151016547,666.60758085816,172.00305526364653,205.96459439757575,356.1371533509059,1613.595455018516,269.63507673361994,46.72177980742689,683.6983118191637,197.62545897598423,194.40489196279248,495.821220456535,1593.573877881217,344.38371790506466,59.38131991483928,785.8548762116343,175.61909940127398,299.53000128486497,703.8062815226349,1517.751349791064,313.3564100447513,24.121955003701792,527.7351182217915,136.9053545972417,325.93638756869177,1232.920090312141,2383.961983447682,258.23895709779214,29.33860348017261,815.9450484112958,137.4754016126343,249.4794269957636,575.2924869779372,2127.462408353155,205.9945307572016,31.997939587271055,560.9434115543805,126.53963697165267,38819.62165991755
2016-05-18,260.89429088447645,438.67599692191027,1732.7797557045092,429.1771230752845,39.39150900885562,601.1823390051475,175.0979877812944,380.10049960912903,438.52382481136385,1958.6193904855231,319.73011591796654,39.85133680248958,628.4100367832627,229.58108237049134,369.6296994792289,588.0904240907538,2502.88821372216,506.55600927457004,56.99615937175291,1194.4419027140932,272.1096591443652,220.27384178600693,331.29770432295334,1087.5032758016798,348.8177340108272,19.89439626262463,357.1938088756576,135.14443991503006,189.94601799798826,319.52738763958695,1378.9190450171138,244.62823977399665,35.40886797641202,593.8827395088939,170.8482954263879,224.7648254039683,336.6651079385411,1596.0139042596686,281.19778014044925,45.68403840021536,692.6435440481421,172.0046415887623,193.7878431258407,461.42521988769164,1455.2254203383773,340.2808827788376,59.30539036874063,765.682291302914,174.64181710595489,297.38952052449866,693.5494998365734,1598.9407450788458,328.3574295649202,25.821827140064926,523.1670059065699,140.82368181659808,324.4897957950173,1098.8484024499078,2224.6967311697576,258.14053576499225,32.884515241180054,854.819916538226,126.86615734868266,227.32024550099138,554.2164043690427,2141.328966011484,202.61699725978917,29.683345139036515,545.1033876386119,136.03099388748655,37760.431961944174
2016-05-19,277.5420976763087,411.9553692026466,1850.103857449334,429.7222128903814,36.71527219694835,600.879986665159,182.9952961267366,407.0768483414306,402.34330201677693,1886.0932738855718,313.0042034283512,41.574393643686875,624.1616822697492,294.3692101194015,397.0608285737203,519.1300437902121,2418.9252079090875,532.0836622326219,56.08662542320716,1229.402096416104,321.15782955682045,216.826519650244,324.0484453505679,1111.4670147727877,344.0718007459169,19.525939898341505,368.8586597876408,132.35818468833094,195.47571140722212,311.2973756869668,1393.0371446055153,240.13358799892927,34.51322397765474,632.349148414052,175.45008575784632,235.68541325874824,335.32968914629845,1724.8667487408782,282.1760392379716,46.145095350818224,711.2940310380395,201.41144772832592,317.8974436754469,420.3958499088648,1425.6850495445765,335.13872509734125,59.5592899980183,763.0077640864752,174.8404887456874,310.80725170811485,716.5630333556892,1475.4204747777012,327.06311745025647,27.312898023119857,597.8748782493051,142.54639149266131,318.4760491072487,1039.9207428869654,2189.830769319363,261.7061289560289,30.963448588248355,920.9910917169824,137.34053526103824,244.11417685616937,533.9036910919174,2136.248134775172,229.30427386122577,32.28623566297574,576.6137531166114,135.65483782457525,38150.17113219515
2016-05-20,329.9500262078094,509.7851227714185,2246.664663817287,485.1735912414215,42.99773099260797,702.8179863752356,205.47769453469692,504.72586364416674,457.7180282465134,2105.928225026881,384.27860819494197,42.69806523953018,768.8605969306535,314.13002050530235,428.8273818521699,535.5693651505345,2555.9311374980903,529.4431051667532,56.17254185453889,1303.7430267456748,356.09957155228904,225.53268518994832,322.85602772112105,1176.846264718549,346.09257757391845,19.713598162469097,394.45811019581544,130.58293133639228,220.01183348094997,324.2811375607936,1455.7676158597117,257.0666460858657,31.140506740907924,776.9378670317343,185.78891595791532,261.9993523514749,345.9039902200562,1938.56827781516,307.7815623354489,46.450934454823184,779.3240741295584,215.1687093622839,273.3664449860793,430.7104948268087,1614.044969810834,350.9957242875795,59.824584674648904,779.6057313949347,175.05006100009126,328.81748565600003,659.9749654690316,1615.4452677717582,425.19983654186285,29.977748436046063,572.85079051286,176.83044221689815,375.47129026702373,1097.9724656938288,2239.240038865297,254.23874169532635,35.94678749364169,1059.877666301889,156.38742598797225,267.15764904996763,490.78254783102153,2134.9743026806655,286.18532505321696,32.38724190230274,706.6329882391287,171.72112124886786,41430.936111729
2016-05-21,393.70078225942433,643.7144001887838,2795.454595594331,596.7018655726858,49.48001664420594,998.6944467591708,294.2787526467625,592.1979870137333,651.3592228867853,2705.6780987772536,476.9522954376346,41.64534086041952,1102.468930322383,370.9011781426525,559.8501640072582,679.3584494965588,3237.6856581823035,532.8215571606873,56.17458269407266,1737.5330064385143,349.2355972120919,233.02165884527562,392.96741235134755,1322.0276303519977,393.1597678509853,19.269400967056892,436.0769419241888,125.72236303678397,235.18947313475482,397.3088288504481,1760.0118435824215,253.40095625048048,38.07882721027202,853.1191574112677,227.7870693249119,284.3451245700118,415.47240457424084,2273.1454414264663,343.39339629570924,45.66479090829758,967.87365100787,271.3532084816364,194.7060526941967,467.3986270775136,1890.4581393101796,355.6753896966164,60.57106898870504,775.8693332289754,175.09027947662014,349.97472417909324,713.9466647493622,2095.441361091592,580.78638077076,38.012899851718075,699.2871114415934,216.075764826777,415.55870354183577,1122.4412972715472,2423.026921673158,273.43706112380835,33.86069883051449,1127.128340480449,174.61744300196256,325.964223245967,480.0447358589909,2164.1226391730984,336.88666091295244,33.74910740693818,821.2992522457652,213.83213096055252,48713.53928976537
2016-05-22,336.56209916889327,694.9961145103587,2784.8527520806897,557.8996579474259,52.53957275312149,1031.8565510558265,289.2861979134085,535.1906212657627,704.2017433745709,2485.0000757657463,434.08550478727113,42.29410320641073,1117.5380683997998,368.3525483957208,491.65093947332576,787.1639358152961,3525.3448429249406,547.0888198536455,56.076019980684876,1853.9140003796465,340.4808955127937,217.7021579594372,440.5863817005958,1373.6772528400702,383.7226578756587,22.185122527453878,457.1152851438164,133.78269995200998,231.38012898362396,449.7974752670409,1913.7786357070954,253.87235550383798,43.77953088781438,823.9676334273876,229.15481220207238,257.56744812306556,486.7400164300514,2232.900033698542,350.82614888690637,45.77933911653571,956.0775339524356,257.982438934867,259.2738487147475,501.3846805945778,1894.2500426822994,352.7786661347109,59.46031978738592,792.9319826818308,175.32710476694828,309.95012555398654,682.8622065650067,1859.8140344819594,425.857554716071,35.0895408277451,671.7172002989957,191.68051488867036,352.45252818123356,1072.9705533441881,2361.8409131063313,259.10423759237165,30.227299065819704,944.8533141650756,160.3829658853532,277.4991560114041,488.0895777974185,2157.629836362822,227.46726464098,33.88044086453105,763.3486735626675,209.4600151987485,48150.33475215955
